playlist_id;order;song_id;transpose;capo_override;audio_variant_id;note
pl-001;15;0103;0;;aud-0103-studio;Сборник 21, трек №15
pl-001;16;0135;0;;aud-0135-studio;Сборник 21, трек №16
pl-001;18;0260;0;;aud-0260-studio;Сборник 21, трек №18
pl-001;10;0362;0;;aud-0362-studio;Сборник 21, трек №10
pl-001;20;0364;0;;aud-0364-studio;Сборник 21, трек №20
pl-001;4;0375;0;;aud-0375-studio;Сборник 21, трек №4
pl-001;6;0466;0;;aud-0466-studio;Сборник 21, трек №6
pl-001;12;0475;0;;aud-0475-studio;Сборник 21, трек №12
pl-001;1;0482;0;;aud-0482-studio;Сборник 21, трек №1
pl-001;8;0487;0;;aud-0487-studio;Сборник 21, трек №8
pl-001;9;0489;0;;aud-0489-studio;Сборник 21, трек №9
pl-001;2;0507;0;;aud-0507-studio;Сборник 21, трек №2
pl-001;5;0538;0;;aud-0538-studio;Сборник 21, трек №5
pl-001;13;0555;0;;aud-0555-studio;Сборник 21, трек №13
pl-001;14;0557;0;;aud-0557-studio;Сборник 21, трек №14
pl-001;3;0566;0;;aud-0566-studio;Сборник 21, трек №3
pl-001;17;0568;0;;aud-0568-studio;Сборник 21, трек №17
pl-001;7;0573;0;;aud-0573-studio;Сборник 21, трек №7
pl-001;11;0583;0;;aud-0583-studio;Сборник 21, трек №11
pl-001;19;0645;0;;aud-0645-studio;Сборник 21, трек №19
pl-001;21;0676;0;;aud-0676-studio;Сборник 21, трек №21
pl-temp;1;0530;0;;;
pl-temp;2;0042;0;;;
pl-temp;3;0667;0;;;
pl-temp;4;0667;0;;;
pl-1791439388251;1;0482;0;;;
pl-1791439388251;2;0375;0;;;
pl-1791439388251;3;0507;0;;;
pl-1791439388251;4;0566;0;;;
pl-1791439388251;5;0538;0;;;
pl-1791439388251;6;0466;0;;;
pl-1791439388251;7;0573;0;;;
pl-1791439388251;8;0487;0;;;
pl-1791439388251;9;0489;0;;;
pl-1791439388251;10;0362;0;;;
pl-1791439388251;11;0583;0;;;
pl-1791439388251;12;0475;0;;;
pl-1791439388251;13;0557;0;;;
pl-1791439388251;14;0555;0;;;
pl-1791439388251;15;0103;0;;;
pl-1791439388251;16;0135;0;;;
pl-1791439388251;17;0568;0;;;
pl-1791439388251;18;0260;0;;;
pl-1791439388251;19;0645;0;;;
pl-1791439388251;20;0364;0;;;
pl-1791439388251;21;0676;0;;;
